{"cameraMode":{"drawMode":0,"name":"Shaded","section":"Shading Mode"},"sceneLighting":false,"audioPlay":false,"sceneViewState":{"showFog":true,"showMaterialUpdate":true,"showSkybox":true,"showFlares":true,"showImageEffects":true,"showParticleSystems":true},"in2DMode":false,"pivot":{"x":76.27027130126953,"y":9.208457946777344,"z":-77.33014678955078},"rotation":{"x":-0.0855066105723381,"y":0.8545041680335999,"z":-0.14885133504867555,"w":-0.4904693067073822},"size":3.0960216522216799,"orthographic":false}