{"cameraMode":{"drawMode":0,"name":"Shaded","section":"Shading Mode"},"sceneLighting":false,"audioPlay":false,"sceneViewState":{"showFog":true,"showMaterialUpdate":false,"showSkybox":false,"showFlares":true,"showImageEffects":true,"showParticleSystems":true},"in2DMode":false,"pivot":{"x":40.798458099365237,"y":7.908021926879883,"z":-27.44906234741211},"rotation":{"x":0.0011725783115252853,"y":0.9999610185623169,"z":-0.025854840874671937,"w":-0.021309183910489084},"size":2.8578834533691408,"orthographic":false}