{"cameraMode":{"drawMode":0,"name":"Shaded","section":"Shading Mode"},"sceneLighting":false,"audioPlay":false,"sceneViewState":{"showFog":true,"showMaterialUpdate":false,"showSkybox":false,"showFlares":true,"showImageEffects":true,"showParticleSystems":true},"in2DMode":false,"pivot":{"x":0.11000001430511475,"y":5.28000020980835,"z":-28.280000686645509},"rotation":{"x":0.04283023253083229,"y":-0.911366879940033,"z":0.0976651981472969,"w":0.3983584940433502},"size":20.354690551757814,"orthographic":false}