{"cameraMode":{"drawMode":0,"name":"Shaded","section":"Shading Mode"},"sceneLighting":false,"audioPlay":false,"sceneViewState":{"showFog":true,"showMaterialUpdate":false,"showSkybox":false,"showFlares":true,"showImageEffects":true,"showParticleSystems":true},"in2DMode":false,"pivot":{"x":0.02670150436460972,"y":2.5015275478363039,"z":-5.886969566345215},"rotation":{"x":0.11612721532583237,"y":0.842265784740448,"z":-0.20104318857192994,"w":0.48650848865509035},"size":16.593177795410158,"orthographic":false}